city_st,year,pop,geometry,marker,lat,lon
"Bandon, OR",1890,219,"-124.4155201, 43.1146897",5.539666868282957,43.1146897,-124.4155201
"Bandon, OR",1900,645,"-124.4155201, 43.1146897",5.539666868282957,43.1146897,-124.4155201
"Bandon, OR",1910,1803,"-124.4155201, 43.1146897",5.539666868282957,43.1146897,-124.4155201
"Bandon, OR",1920,1440,"-124.4155201, 43.1146897",5.539666868282957,43.1146897,-124.4155201
"Bandon, OR",1930,1516,"-124.4155201, 43.1146897",5.539666868282957,43.1146897,-124.4155201
"Bandon, OR",1940,1004,"-124.4155201, 43.1146897",5.539666868282957,43.1146897,-124.4155201
"Bandon, OR",1950,1251,"-124.4155201, 43.1146897",5.539666868282957,43.1146897,-124.4155201
"Bandon, OR",1960,1653,"-124.4155201, 43.1146897",5.539666868282957,43.1146897,-124.4155201
"Bandon, OR",1970,1832,"-124.4155201, 43.1146897",5.539666868282957,43.1146897,-124.4155201
"Bandon, OR",1980,2311,"-124.4155201, 43.1146897",5.539666868282957,43.1146897,-124.4155201
"Bandon, OR",1990,2215,"-124.4155201, 43.1146897",5.539666868282957,43.1146897,-124.4155201
"Bandon, OR",2000,2833,"-124.4155201, 43.1146897",5.539666868282957,43.1146897,-124.4155201
"Bandon, OR",2010,3066,"-124.4155201, 43.1146897",5.539666868282957,43.1146897,-124.4155201
"Boston, MA",1790,18320,"-71.0201725, 42.33196",8.686785225412184,42.33196,-71.0201725
"Boston, MA",1800,24937,"-71.0201725, 42.33196",8.686785225412184,42.33196,-71.0201725
"Boston, MA",1810,33787,"-71.0201725, 42.33196",8.686785225412184,42.33196,-71.0201725
"Boston, MA",1820,43298,"-71.0201725, 42.33196",8.686785225412184,42.33196,-71.0201725
"Boston, MA",1830,61392,"-71.0201725, 42.33196",8.686785225412184,42.33196,-71.0201725
"Boston, MA",1840,93383,"-71.0201725, 42.33196",8.686785225412184,42.33196,-71.0201725
"Boston, MA",1850,136881,"-71.0201725, 42.33196",8.686785225412184,42.33196,-71.0201725
"Boston, MA",1860,177840,"-71.0201725, 42.33196",8.686785225412184,42.33196,-71.0201725
"Boston, MA",1870,250526,"-71.0201725, 42.33196",8.686785225412184,42.33196,-71.0201725
"Boston, MA",1880,362839,"-71.0201725, 42.33196",8.686785225412184,42.33196,-71.0201725
"Boston, MA",1890,448477,"-71.0201725, 42.33196",8.686785225412184,42.33196,-71.0201725
"Boston, MA",1900,560892,"-71.0201725, 42.33196",8.686785225412184,42.33196,-71.0201725
"Boston, MA",1910,670585,"-71.0201725, 42.33196",8.686785225412184,42.33196,-71.0201725
"Boston, MA",1920,748060,"-71.0201725, 42.33196",8.686785225412184,42.33196,-71.0201725
"Boston, MA",1930,781188,"-71.0201725, 42.33196",8.686785225412184,42.33196,-71.0201725
"Boston, MA",1940,770816,"-71.0201725, 42.33196",8.686785225412184,42.33196,-71.0201725
"Boston, MA",1950,801444,"-71.0201725, 42.33196",8.686785225412184,42.33196,-71.0201725
"Boston, MA",1960,697197,"-71.0201725, 42.33196",8.686785225412184,42.33196,-71.0201725
"Boston, MA",1970,641071,"-71.0201725, 42.33196",8.686785225412184,42.33196,-71.0201725
"Boston, MA",1980,562994,"-71.0201725, 42.33196",8.686785225412184,42.33196,-71.0201725
"Boston, MA",1990,574283,"-71.0201725, 42.33196",8.686785225412184,42.33196,-71.0201725
"Boston, MA",2000,589141,"-71.0201725, 42.33196",8.686785225412184,42.33196,-71.0201725
"Boston, MA",2010,617594,"-71.0201725, 42.33196",8.686785225412184,42.33196,-71.0201725
"Charleston, SC",1790,16359,"-79.9589267, 32.8179219",7.613439446423541,32.8179219,-79.9589267
"Charleston, SC",1800,18824,"-79.9589267, 32.8179219",7.613439446423541,32.8179219,-79.9589267
"Charleston, SC",1810,24711,"-79.9589267, 32.8179219",7.613439446423541,32.8179219,-79.9589267
"Charleston, SC",1820,24780,"-79.9589267, 32.8179219",7.613439446423541,32.8179219,-79.9589267
"Charleston, SC",1830,30289,"-79.9589267, 32.8179219",7.613439446423541,32.8179219,-79.9589267
"Charleston, SC",1840,29261,"-79.9589267, 32.8179219",7.613439446423541,32.8179219,-79.9589267
"Charleston, SC",1850,42985,"-79.9589267, 32.8179219",7.613439446423541,32.8179219,-79.9589267
"Charleston, SC",1860,40522,"-79.9589267, 32.8179219",7.613439446423541,32.8179219,-79.9589267
"Charleston, SC",1870,48956,"-79.9589267, 32.8179219",7.613439446423541,32.8179219,-79.9589267
"Charleston, SC",1880,49984,"-79.9589267, 32.8179219",7.613439446423541,32.8179219,-79.9589267
"Charleston, SC",1890,54955,"-79.9589267, 32.8179219",7.613439446423541,32.8179219,-79.9589267
"Charleston, SC",1900,55807,"-79.9589267, 32.8179219",7.613439446423541,32.8179219,-79.9589267
"Charleston, SC",1910,58833,"-79.9589267, 32.8179219",7.613439446423541,32.8179219,-79.9589267
"Charleston, SC",1920,67957,"-79.9589267, 32.8179219",7.613439446423541,32.8179219,-79.9589267
"Charleston, SC",1930,62265,"-79.9589267, 32.8179219",7.613439446423541,32.8179219,-79.9589267
"Charleston, SC",1940,71275,"-79.9589267, 32.8179219",7.613439446423541,32.8179219,-79.9589267
"Charleston, SC",1950,70174,"-79.9589267, 32.8179219",7.613439446423541,32.8179219,-79.9589267
"Charleston, SC",1960,65925,"-79.9589267, 32.8179219",7.613439446423541,32.8179219,-79.9589267
"Charleston, SC",1970,66945,"-79.9589267, 32.8179219",7.613439446423541,32.8179219,-79.9589267
"Charleston, SC",1980,69779,"-79.9589267, 32.8179219",7.613439446423541,32.8179219,-79.9589267
"Charleston, SC",1990,80414,"-79.9589267, 32.8179219",7.613439446423541,32.8179219,-79.9589267
"Charleston, SC",2000,96650,"-79.9589267, 32.8179219",7.613439446423541,32.8179219,-79.9589267
"Charleston, SC",2010,120083,"-79.9589267, 32.8179219",7.613439446423541,32.8179219,-79.9589267
"Corpus Christi, TX",1860,200,"-97.396259, 27.804553",8.14090448163466,27.804553,-97.396259
"Corpus Christi, TX",1870,2100,"-97.396259, 27.804553",8.14090448163466,27.804553,-97.396259
"Corpus Christi, TX",1880,3257,"-97.396259, 27.804553",8.14090448163466,27.804553,-97.396259
"Corpus Christi, TX",1890,4387,"-97.396259, 27.804553",8.14090448163466,27.804553,-97.396259
"Corpus Christi, TX",1900,4703,"-97.396259, 27.804553",8.14090448163466,27.804553,-97.396259
"Corpus Christi, TX",1910,8222,"-97.396259, 27.804553",8.14090448163466,27.804553,-97.396259
"Corpus Christi, TX",1920,10522,"-97.396259, 27.804553",8.14090448163466,27.804553,-97.396259
"Corpus Christi, TX",1930,27741,"-97.396259, 27.804553",8.14090448163466,27.804553,-97.396259
"Corpus Christi, TX",1940,57301,"-97.396259, 27.804553",8.14090448163466,27.804553,-97.396259
"Corpus Christi, TX",1950,108287,"-97.396259, 27.804553",8.14090448163466,27.804553,-97.396259
"Corpus Christi, TX",1960,167690,"-97.396259, 27.804553",8.14090448163466,27.804553,-97.396259
"Corpus Christi, TX",1970,204525,"-97.396259, 27.804553",8.14090448163466,27.804553,-97.396259
"Corpus Christi, TX",1980,232134,"-97.396259, 27.804553",8.14090448163466,27.804553,-97.396259
"Corpus Christi, TX",1990,257453,"-97.396259, 27.804553",8.14090448163466,27.804553,-97.396259
"Corpus Christi, TX",2000,277454,"-97.396259, 27.804553",8.14090448163466,27.804553,-97.396259
"Corpus Christi, TX",2010,305215,"-97.396259, 27.804553",8.14090448163466,27.804553,-97.396259
"Houston, TX",1850,2400,"-95.3863425, 29.7804724",9.231319449167362,29.7804724,-95.3863425
"Houston, TX",1860,4845,"-95.3863425, 29.7804724",9.231319449167362,29.7804724,-95.3863425
"Houston, TX",1870,9382,"-95.3863425, 29.7804724",9.231319449167362,29.7804724,-95.3863425
"Houston, TX",1880,16513,"-95.3863425, 29.7804724",9.231319449167362,29.7804724,-95.3863425
"Houston, TX",1890,27557,"-95.3863425, 29.7804724",9.231319449167362,29.7804724,-95.3863425
"Houston, TX",1900,44633,"-95.3863425, 29.7804724",9.231319449167362,29.7804724,-95.3863425
"Houston, TX",1910,78800,"-95.3863425, 29.7804724",9.231319449167362,29.7804724,-95.3863425
"Houston, TX",1920,138276,"-95.3863425, 29.7804724",9.231319449167362,29.7804724,-95.3863425
"Houston, TX",1930,292352,"-95.3863425, 29.7804724",9.231319449167362,29.7804724,-95.3863425
"Houston, TX",1940,384514,"-95.3863425, 29.7804724",9.231319449167362,29.7804724,-95.3863425
"Houston, TX",1950,596163,"-95.3863425, 29.7804724",9.231319449167362,29.7804724,-95.3863425
"Houston, TX",1960,938219,"-95.3863425, 29.7804724",9.231319449167362,29.7804724,-95.3863425
"Houston, TX",1970,1233535,"-95.3863425, 29.7804724",9.231319449167362,29.7804724,-95.3863425
"Houston, TX",1980,1595138,"-95.3863425, 29.7804724",9.231319449167362,29.7804724,-95.3863425
"Houston, TX",1990,1630553,"-95.3863425, 29.7804724",9.231319449167362,29.7804724,-95.3863425
"Houston, TX",2000,1953631,"-95.3863425, 29.7804724",9.231319449167362,29.7804724,-95.3863425
"Houston, TX",2010,2099451,"-95.3863425, 29.7804724",9.231319449167362,29.7804724,-95.3863425
"Jacksonville, FL",1850,1000,"-81.6613021, 30.3370193",8.70095671864056,30.3370193,-81.6613021
"Jacksonville, FL",1860,2100,"-81.6613021, 30.3370193",8.70095671864056,30.3370193,-81.6613021
"Jacksonville, FL",1870,6912,"-81.6613021, 30.3370193",8.70095671864056,30.3370193,-81.6613021
"Jacksonville, FL",1880,7650,"-81.6613021, 30.3370193",8.70095671864056,30.3370193,-81.6613021
"Jacksonville, FL",1890,17201,"-81.6613021, 30.3370193",8.70095671864056,30.3370193,-81.6613021
"Jacksonville, FL",1900,28429,"-81.6613021, 30.3370193",8.70095671864056,30.3370193,-81.6613021
"Jacksonville, FL",1910,57699,"-81.6613021, 30.3370193",8.70095671864056,30.3370193,-81.6613021
"Jacksonville, FL",1920,91558,"-81.6613021, 30.3370193",8.70095671864056,30.3370193,-81.6613021
"Jacksonville, FL",1930,129549,"-81.6613021, 30.3370193",8.70095671864056,30.3370193,-81.6613021
"Jacksonville, FL",1940,173065,"-81.6613021, 30.3370193",8.70095671864056,30.3370193,-81.6613021
"Jacksonville, FL",1950,204517,"-81.6613021, 30.3370193",8.70095671864056,30.3370193,-81.6613021
"Jacksonville, FL",1960,201030,"-81.6613021, 30.3370193",8.70095671864056,30.3370193,-81.6613021
"Jacksonville, FL",1970,504265,"-81.6613021, 30.3370193",8.70095671864056,30.3370193,-81.6613021
"Jacksonville, FL",1980,540920,"-81.6613021, 30.3370193",8.70095671864056,30.3370193,-81.6613021
"Jacksonville, FL",1990,635230,"-81.6613021, 30.3370193",8.70095671864056,30.3370193,-81.6613021
"Jacksonville, FL",2000,735617,"-81.6613021, 30.3370193",8.70095671864056,30.3370193,-81.6613021
"Jacksonville, FL",2010,821784,"-81.6613021, 30.3370193",8.70095671864056,30.3370193,-81.6613021
"Los Angeles, CA",1850,1610,"-118.4108248, 34.0193936",9.56571427068439,34.0193936,-118.4108248
"Los Angeles, CA",1860,4385,"-118.4108248, 34.0193936",9.56571427068439,34.0193936,-118.4108248
"Los Angeles, CA",1870,5728,"-118.4108248, 34.0193936",9.56571427068439,34.0193936,-118.4108248
"Los Angeles, CA",1880,11183,"-118.4108248, 34.0193936",9.56571427068439,34.0193936,-118.4108248
"Los Angeles, CA",1890,50395,"-118.4108248, 34.0193936",9.56571427068439,34.0193936,-118.4108248
"Los Angeles, CA",1900,102479,"-118.4108248, 34.0193936",9.56571427068439,34.0193936,-118.4108248
"Los Angeles, CA",1910,319198,"-118.4108248, 34.0193936",9.56571427068439,34.0193936,-118.4108248
"Los Angeles, CA",1920,576673,"-118.4108248, 34.0193936",9.56571427068439,34.0193936,-118.4108248
"Los Angeles, CA",1930,1238048,"-118.4108248, 34.0193936",9.56571427068439,34.0193936,-118.4108248
"Los Angeles, CA",1940,1504277,"-118.4108248, 34.0193936",9.56571427068439,34.0193936,-118.4108248
"Los Angeles, CA",1950,1970358,"-118.4108248, 34.0193936",9.56571427068439,34.0193936,-118.4108248
"Los Angeles, CA",1960,2479015,"-118.4108248, 34.0193936",9.56571427068439,34.0193936,-118.4108248
"Los Angeles, CA",1970,2811801,"-118.4108248, 34.0193936",9.56571427068439,34.0193936,-118.4108248
"Los Angeles, CA",1980,2968579,"-118.4108248, 34.0193936",9.56571427068439,34.0193936,-118.4108248
"Los Angeles, CA",1990,3485398,"-118.4108248, 34.0193936",9.56571427068439,34.0193936,-118.4108248
"Los Angeles, CA",2000,3694820,"-118.4108248, 34.0193936",9.56571427068439,34.0193936,-118.4108248
"Los Angeles, CA",2010,3792621,"-118.4108248, 34.0193936",9.56571427068439,34.0193936,-118.4108248
"Miami, FL",1900,1700,"-80.2086152, 25.775163",8.293060028917019,25.775163,-80.2086152
"Miami, FL",1910,5471,"-80.2086152, 25.775163",8.293060028917019,25.775163,-80.2086152
"Miami, FL",1920,29571,"-80.2086152, 25.775163",8.293060028917019,25.775163,-80.2086152
"Miami, FL",1930,110637,"-80.2086152, 25.775163",8.293060028917019,25.775163,-80.2086152
"Miami, FL",1940,172172,"-80.2086152, 25.775163",8.293060028917019,25.775163,-80.2086152
"Miami, FL",1950,249276,"-80.2086152, 25.775163",8.293060028917019,25.775163,-80.2086152
"Miami, FL",1960,291688,"-80.2086152, 25.775163",8.293060028917019,25.775163,-80.2086152
"Miami, FL",1970,334859,"-80.2086152, 25.775163",8.293060028917019,25.775163,-80.2086152
"Miami, FL",1980,346681,"-80.2086152, 25.775163",8.293060028917019,25.775163,-80.2086152
"Miami, FL",1990,358548,"-80.2086152, 25.775163",8.293060028917019,25.775163,-80.2086152
"Miami, FL",2000,362470,"-80.2086152, 25.775163",8.293060028917019,25.775163,-80.2086152
"Miami, FL",2010,399457,"-80.2086152, 25.775163",8.293060028917019,25.775163,-80.2086152
"Myrtle Beach, SC",1940,1600,"-78.8858621, 33.7108008",6.771890808013497,33.7108008,-78.8858621
"Myrtle Beach, SC",1950,3345,"-78.8858621, 33.7108008",6.771890808013497,33.7108008,-78.8858621
"Myrtle Beach, SC",1960,7834,"-78.8858621, 33.7108008",6.771890808013497,33.7108008,-78.8858621
"Myrtle Beach, SC",1970,8536,"-78.8858621, 33.7108008",6.771890808013497,33.7108008,-78.8858621
"Myrtle Beach, SC",1980,18446,"-78.8858621, 33.7108008",6.771890808013497,33.7108008,-78.8858621
"Myrtle Beach, SC",1990,24848,"-78.8858621, 33.7108008",6.771890808013497,33.7108008,-78.8858621
"Myrtle Beach, SC",2000,22759,"-78.8858621, 33.7108008",6.771890808013497,33.7108008,-78.8858621
"Myrtle Beach, SC",2010,27109,"-78.8858621, 33.7108008",6.771890808013497,33.7108008,-78.8858621
"New Orleans, LA",1810,17242,"-89.9390074, 30.0686361",8.54845919252001,30.0686361,-89.9390074
"New Orleans, LA",1820,27176,"-89.9390074, 30.0686361",8.54845919252001,30.0686361,-89.9390074
"New Orleans, LA",1830,46082,"-89.9390074, 30.0686361",8.54845919252001,30.0686361,-89.9390074
"New Orleans, LA",1840,102193,"-89.9390074, 30.0686361",8.54845919252001,30.0686361,-89.9390074
"New Orleans, LA",1850,116375,"-89.9390074, 30.0686361",8.54845919252001,30.0686361,-89.9390074
"New Orleans, LA",1860,168675,"-89.9390074, 30.0686361",8.54845919252001,30.0686361,-89.9390074
"New Orleans, LA",1870,191418,"-89.9390074, 30.0686361",8.54845919252001,30.0686361,-89.9390074
"New Orleans, LA",1880,216090,"-89.9390074, 30.0686361",8.54845919252001,30.0686361,-89.9390074
"New Orleans, LA",1890,242039,"-89.9390074, 30.0686361",8.54845919252001,30.0686361,-89.9390074
"New Orleans, LA",1900,287104,"-89.9390074, 30.0686361",8.54845919252001,30.0686361,-89.9390074
"New Orleans, LA",1910,339075,"-89.9390074, 30.0686361",8.54845919252001,30.0686361,-89.9390074
"New Orleans, LA",1920,387219,"-89.9390074, 30.0686361",8.54845919252001,30.0686361,-89.9390074
"New Orleans, LA",1930,458762,"-89.9390074, 30.0686361",8.54845919252001,30.0686361,-89.9390074
"New Orleans, LA",1940,494537,"-89.9390074, 30.0686361",8.54845919252001,30.0686361,-89.9390074
"New Orleans, LA",1950,570445,"-89.9390074, 30.0686361",8.54845919252001,30.0686361,-89.9390074
"New Orleans, LA",1960,627525,"-89.9390074, 30.0686361",8.54845919252001,30.0686361,-89.9390074
"New Orleans, LA",1970,593471,"-89.9390074, 30.0686361",8.54845919252001,30.0686361,-89.9390074
"New Orleans, LA",1980,557927,"-89.9390074, 30.0686361",8.54845919252001,30.0686361,-89.9390074
"New Orleans, LA",1990,496938,"-89.9390074, 30.0686361",8.54845919252001,30.0686361,-89.9390074
"New Orleans, LA",2000,484674,"-89.9390074, 30.0686361",8.54845919252001,30.0686361,-89.9390074
"New Orleans, LA",2010,343829,"-89.9390074, 30.0686361",8.54845919252001,30.0686361,-89.9390074
"New York City, NY",1790,33131,"-73.9385004, 40.6642738",10,40.6642738,-73.9385004
"New York City, NY",1800,60515,"-73.9385004, 40.6642738",10,40.6642738,-73.9385004
"New York City, NY",1810,96373,"-73.9385004, 40.6642738",10,40.6642738,-73.9385004
"New York City, NY",1820,123706,"-73.9385004, 40.6642738",10,40.6642738,-73.9385004
"New York City, NY",1830,202589,"-73.9385004, 40.6642738",10,40.6642738,-73.9385004
"New York City, NY",1840,312710,"-73.9385004, 40.6642738",10,40.6642738,-73.9385004
"New York City, NY",1850,515547,"-73.9385004, 40.6642738",10,40.6642738,-73.9385004
"New York City, NY",1860,813669,"-73.9385004, 40.6642738",10,40.6642738,-73.9385004
"New York City, NY",1870,942292,"-73.9385004, 40.6642738",10,40.6642738,-73.9385004
"New York City, NY",1880,1206299,"-73.9385004, 40.6642738",10,40.6642738,-73.9385004
"New York City, NY",1890,1515301,"-73.9385004, 40.6642738",10,40.6642738,-73.9385004
"New York City, NY",1900,3437202,"-73.9385004, 40.6642738",10,40.6642738,-73.9385004
"New York City, NY",1910,4766883,"-73.9385004, 40.6642738",10,40.6642738,-73.9385004
"New York City, NY",1920,5620048,"-73.9385004, 40.6642738",10,40.6642738,-73.9385004
"New York City, NY",1930,6930446,"-73.9385004, 40.6642738",10,40.6642738,-73.9385004
"New York City, NY",1940,7454995,"-73.9385004, 40.6642738",10,40.6642738,-73.9385004
"New York City, NY",1950,7891957,"-73.9385004, 40.6642738",10,40.6642738,-73.9385004
"New York City, NY",1960,7781984,"-73.9385004, 40.6642738",10,40.6642738,-73.9385004
"New York City, NY",1970,7895563,"-73.9385004, 40.6642738",10,40.6642738,-73.9385004
"New York City, NY",1980,7071639,"-73.9385004, 40.6642738",10,40.6642738,-73.9385004
"New York City, NY",1990,7322564,"-73.9385004, 40.6642738",10,40.6642738,-73.9385004
"New York City, NY",2000,8008278,"-73.9385004, 40.6642738",10,40.6642738,-73.9385004
"New York City, NY",2010,8175133,"-73.9385004, 40.6642738",10,40.6642738,-73.9385004
"Panama City, FL",1930,5402,"-85.672509, 30.1671219",6.939827785505532,30.1671219,-85.672509
"Panama City, FL",1940,11610,"-85.672509, 30.1671219",6.939827785505532,30.1671219,-85.672509
"Panama City, FL",1950,25814,"-85.672509, 30.1671219",6.939827785505532,30.1671219,-85.672509
"Panama City, FL",1960,33275,"-85.672509, 30.1671219",6.939827785505532,30.1671219,-85.672509
"Panama City, FL",1970,32096,"-85.672509, 30.1671219",6.939827785505532,30.1671219,-85.672509
"Panama City, FL",1980,33346,"-85.672509, 30.1671219",6.939827785505532,30.1671219,-85.672509
"Panama City, FL",1990,34378,"-85.672509, 30.1671219",6.939827785505532,30.1671219,-85.672509
"Panama City, FL",2000,36417,"-85.672509, 30.1671219",6.939827785505532,30.1671219,-85.672509
"Panama City, FL",2010,36484,"-85.672509, 30.1671219",6.939827785505532,30.1671219,-85.672509
"Portland, ME",1800,3704,"-70.255365, 43.663811",7.366806598801008,43.663811,-70.255365
"Portland, ME",1810,7169,"-70.255365, 43.663811",7.366806598801008,43.663811,-70.255365
"Portland, ME",1820,8581,"-70.255365, 43.663811",7.366806598801008,43.663811,-70.255365
"Portland, ME",1830,12598,"-70.255365, 43.663811",7.366806598801008,43.663811,-70.255365
"Portland, ME",1840,15218,"-70.255365, 43.663811",7.366806598801008,43.663811,-70.255365
"Portland, ME",1850,20815,"-70.255365, 43.663811",7.366806598801008,43.663811,-70.255365
"Portland, ME",1860,26341,"-70.255365, 43.663811",7.366806598801008,43.663811,-70.255365
"Portland, ME",1870,31413,"-70.255365, 43.663811",7.366806598801008,43.663811,-70.255365
"Portland, ME",1880,33810,"-70.255365, 43.663811",7.366806598801008,43.663811,-70.255365
"Portland, ME",1890,36425,"-70.255365, 43.663811",7.366806598801008,43.663811,-70.255365
"Portland, ME",1900,50145,"-70.255365, 43.663811",7.366806598801008,43.663811,-70.255365
"Portland, ME",1910,58571,"-70.255365, 43.663811",7.366806598801008,43.663811,-70.255365
"Portland, ME",1920,69272,"-70.255365, 43.663811",7.366806598801008,43.663811,-70.255365
"Portland, ME",1930,70810,"-70.255365, 43.663811",7.366806598801008,43.663811,-70.255365
"Portland, ME",1940,73643,"-70.255365, 43.663811",7.366806598801008,43.663811,-70.255365
"Portland, ME",1950,77634,"-70.255365, 43.663811",7.366806598801008,43.663811,-70.255365
"Portland, ME",1960,72566,"-70.255365, 43.663811",7.366806598801008,43.663811,-70.255365
"Portland, ME",1970,65116,"-70.255365, 43.663811",7.366806598801008,43.663811,-70.255365
"Portland, ME",1980,61572,"-70.255365, 43.663811",7.366806598801008,43.663811,-70.255365
"Portland, ME",1990,64358,"-70.255365, 43.663811",7.366806598801008,43.663811,-70.255365
"Portland, ME",2000,64249,"-70.255365, 43.663811",7.366806598801008,43.663811,-70.255365
"Portland, ME",2010,66194,"-70.255365, 43.663811",7.366806598801008,43.663811,-70.255365
"San Diego, CA",1860,731,"-117.134993, 32.8152995",8.963504675274166,32.8152995,-117.134993
"San Diego, CA",1870,2300,"-117.134993, 32.8152995",8.963504675274166,32.8152995,-117.134993
"San Diego, CA",1880,2637,"-117.134993, 32.8152995",8.963504675274166,32.8152995,-117.134993
"San Diego, CA",1890,16159,"-117.134993, 32.8152995",8.963504675274166,32.8152995,-117.134993
"San Diego, CA",1900,17700,"-117.134993, 32.8152995",8.963504675274166,32.8152995,-117.134993
"San Diego, CA",1910,39578,"-117.134993, 32.8152995",8.963504675274166,32.8152995,-117.134993
"San Diego, CA",1920,74361,"-117.134993, 32.8152995",8.963504675274166,32.8152995,-117.134993
"San Diego, CA",1930,147995,"-117.134993, 32.8152995",8.963504675274166,32.8152995,-117.134993
"San Diego, CA",1940,203341,"-117.134993, 32.8152995",8.963504675274166,32.8152995,-117.134993
"San Diego, CA",1950,334387,"-117.134993, 32.8152995",8.963504675274166,32.8152995,-117.134993
"San Diego, CA",1960,573224,"-117.134993, 32.8152995",8.963504675274166,32.8152995,-117.134993
"San Diego, CA",1970,697027,"-117.134993, 32.8152995",8.963504675274166,32.8152995,-117.134993
"San Diego, CA",1980,875538,"-117.134993, 32.8152995",8.963504675274166,32.8152995,-117.134993
"San Diego, CA",1990,1110549,"-117.134993, 32.8152995",8.963504675274166,32.8152995,-117.134993
"San Diego, CA",2000,1223400,"-117.134993, 32.8152995",8.963504675274166,32.8152995,-117.134993
"San Diego, CA",2010,1307402,"-117.134993, 32.8152995",8.963504675274166,32.8152995,-117.134993
"San Francisco, CA",1850,30000,"-122.419338, 37.780023",8.689453600800151,37.780023,-122.419338
"San Francisco, CA",1860,56802,"-122.419338, 37.780023",8.689453600800151,37.780023,-122.419338
"San Francisco, CA",1870,149473,"-122.419338, 37.780023",8.689453600800151,37.780023,-122.419338
"San Francisco, CA",1880,233959,"-122.419338, 37.780023",8.689453600800151,37.780023,-122.419338
"San Francisco, CA",1890,298997,"-122.419338, 37.780023",8.689453600800151,37.780023,-122.419338
"San Francisco, CA",1900,342782,"-122.419338, 37.780023",8.689453600800151,37.780023,-122.419338
"San Francisco, CA",1910,416912,"-122.419338, 37.780023",8.689453600800151,37.780023,-122.419338
"San Francisco, CA",1920,506676,"-122.419338, 37.780023",8.689453600800151,37.780023,-122.419338
"San Francisco, CA",1930,634394,"-122.419338, 37.780023",8.689453600800151,37.780023,-122.419338
"San Francisco, CA",1940,634536,"-122.419338, 37.780023",8.689453600800151,37.780023,-122.419338
"San Francisco, CA",1950,775357,"-122.419338, 37.780023",8.689453600800151,37.780023,-122.419338
"San Francisco, CA",1960,740316,"-122.419338, 37.780023",8.689453600800151,37.780023,-122.419338
"San Francisco, CA",1970,715674,"-122.419338, 37.780023",8.689453600800151,37.780023,-122.419338
"San Francisco, CA",1980,678974,"-122.419338, 37.780023",8.689453600800151,37.780023,-122.419338
"San Francisco, CA",1990,723959,"-122.419338, 37.780023",8.689453600800151,37.780023,-122.419338
"San Francisco, CA",2000,776733,"-122.419338, 37.780023",8.689453600800151,37.780023,-122.419338
"San Francisco, CA",2010,805235,"-122.419338, 37.780023",8.689453600800151,37.780023,-122.419338
"Santa Barbara, CA",1860,2351,"-119.7133561, 34.398899",7.464802789488714,34.398899,-119.7133561
"Santa Barbara, CA",1870,4255,"-119.7133561, 34.398899",7.464802789488714,34.398899,-119.7133561
"Santa Barbara, CA",1880,3460,"-119.7133561, 34.398899",7.464802789488714,34.398899,-119.7133561
"Santa Barbara, CA",1890,5864,"-119.7133561, 34.398899",7.464802789488714,34.398899,-119.7133561
"Santa Barbara, CA",1900,6587,"-119.7133561, 34.398899",7.464802789488714,34.398899,-119.7133561
"Santa Barbara, CA",1910,11659,"-119.7133561, 34.398899",7.464802789488714,34.398899,-119.7133561
"Santa Barbara, CA",1920,19441,"-119.7133561, 34.398899",7.464802789488714,34.398899,-119.7133561
"Santa Barbara, CA",1930,33613,"-119.7133561, 34.398899",7.464802789488714,34.398899,-119.7133561
"Santa Barbara, CA",1940,34958,"-119.7133561, 34.398899",7.464802789488714,34.398899,-119.7133561
"Santa Barbara, CA",1950,44913,"-119.7133561, 34.398899",7.464802789488714,34.398899,-119.7133561
"Santa Barbara, CA",1960,58768,"-119.7133561, 34.398899",7.464802789488714,34.398899,-119.7133561
"Santa Barbara, CA",1970,70215,"-119.7133561, 34.398899",7.464802789488714,34.398899,-119.7133561
"Santa Barbara, CA",1980,74414,"-119.7133561, 34.398899",7.464802789488714,34.398899,-119.7133561
"Santa Barbara, CA",1990,85571,"-119.7133561, 34.398899",7.464802789488714,34.398899,-119.7133561
"Santa Barbara, CA",2000,92325,"-119.7133561, 34.398899",7.464802789488714,34.398899,-119.7133561
"Santa Barbara, CA",2010,88410,"-119.7133561, 34.398899",7.464802789488714,34.398899,-119.7133561
"Savannah, GA",1800,5146,"-81.1535567, 32.0025121",7.736370168922814,32.0025121,-81.1535567
"Savannah, GA",1810,5215,"-81.1535567, 32.0025121",7.736370168922814,32.0025121,-81.1535567
"Savannah, GA",1820,7523,"-81.1535567, 32.0025121",7.736370168922814,32.0025121,-81.1535567
"Savannah, GA",1830,7303,"-81.1535567, 32.0025121",7.736370168922814,32.0025121,-81.1535567
"Savannah, GA",1840,11214,"-81.1535567, 32.0025121",7.736370168922814,32.0025121,-81.1535567
"Savannah, GA",1850,15312,"-81.1535567, 32.0025121",7.736370168922814,32.0025121,-81.1535567
"Savannah, GA",1860,22292,"-81.1535567, 32.0025121",7.736370168922814,32.0025121,-81.1535567
"Savannah, GA",1870,28235,"-81.1535567, 32.0025121",7.736370168922814,32.0025121,-81.1535567
"Savannah, GA",1880,30709,"-81.1535567, 32.0025121",7.736370168922814,32.0025121,-81.1535567
"Savannah, GA",1890,43189,"-81.1535567, 32.0025121",7.736370168922814,32.0025121,-81.1535567
"Savannah, GA",1900,54244,"-81.1535567, 32.0025121",7.736370168922814,32.0025121,-81.1535567
"Savannah, GA",1910,65064,"-81.1535567, 32.0025121",7.736370168922814,32.0025121,-81.1535567
"Savannah, GA",1920,83252,"-81.1535567, 32.0025121",7.736370168922814,32.0025121,-81.1535567
"Savannah, GA",1930,85024,"-81.1535567, 32.0025121",7.736370168922814,32.0025121,-81.1535567
"Savannah, GA",1940,95996,"-81.1535567, 32.0025121",7.736370168922814,32.0025121,-81.1535567
"Savannah, GA",1950,119638,"-81.1535567, 32.0025121",7.736370168922814,32.0025121,-81.1535567
"Savannah, GA",1960,149245,"-81.1535567, 32.0025121",7.736370168922814,32.0025121,-81.1535567
"Savannah, GA",1970,118349,"-81.1535567, 32.0025121",7.736370168922814,32.0025121,-81.1535567
"Savannah, GA",1980,141654,"-81.1535567, 32.0025121",7.736370168922814,32.0025121,-81.1535567
"Savannah, GA",1990,137560,"-81.1535567, 32.0025121",7.736370168922814,32.0025121,-81.1535567
"Savannah, GA",2000,131510,"-81.1535567, 32.0025121",7.736370168922814,32.0025121,-81.1535567
"Savannah, GA",2010,136286,"-81.1535567, 32.0025121",7.736370168922814,32.0025121,-81.1535567
"Seattle, WA",1870,1100,"-122.3508761, 47.6204993",8.531199687029176,47.6204993,-122.3508761
"Seattle, WA",1880,3533,"-122.3508761, 47.6204993",8.531199687029176,47.6204993,-122.3508761
"Seattle, WA",1890,42837,"-122.3508761, 47.6204993",8.531199687029176,47.6204993,-122.3508761
"Seattle, WA",1900,80671,"-122.3508761, 47.6204993",8.531199687029176,47.6204993,-122.3508761
"Seattle, WA",1910,237194,"-122.3508761, 47.6204993",8.531199687029176,47.6204993,-122.3508761
"Seattle, WA",1920,315312,"-122.3508761, 47.6204993",8.531199687029176,47.6204993,-122.3508761
"Seattle, WA",1930,365583,"-122.3508761, 47.6204993",8.531199687029176,47.6204993,-122.3508761
"Seattle, WA",1940,368302,"-122.3508761, 47.6204993",8.531199687029176,47.6204993,-122.3508761
"Seattle, WA",1950,467591,"-122.3508761, 47.6204993",8.531199687029176,47.6204993,-122.3508761
"Seattle, WA",1960,557087,"-122.3508761, 47.6204993",8.531199687029176,47.6204993,-122.3508761
"Seattle, WA",1970,530831,"-122.3508761, 47.6204993",8.531199687029176,47.6204993,-122.3508761
"Seattle, WA",1980,493846,"-122.3508761, 47.6204993",8.531199687029176,47.6204993,-122.3508761
"Seattle, WA",1990,516259,"-122.3508761, 47.6204993",8.531199687029176,47.6204993,-122.3508761
"Seattle, WA",2000,563374,"-122.3508761, 47.6204993",8.531199687029176,47.6204993,-122.3508761
"Seattle, WA",2010,608660,"-122.3508761, 47.6204993",8.531199687029176,47.6204993,-122.3508761
"Virginia Beach, VA",1910,300,"-76.0240202, 36.7793219",8.345137067949352,36.7793219,-76.0240202
"Virginia Beach, VA",1920,800,"-76.0240202, 36.7793219",8.345137067949352,36.7793219,-76.0240202
"Virginia Beach, VA",1930,1700,"-76.0240202, 36.7793219",8.345137067949352,36.7793219,-76.0240202
"Virginia Beach, VA",1940,2600,"-76.0240202, 36.7793219",8.345137067949352,36.7793219,-76.0240202
"Virginia Beach, VA",1950,5390,"-76.0240202, 36.7793219",8.345137067949352,36.7793219,-76.0240202
"Virginia Beach, VA",1960,8091,"-76.0240202, 36.7793219",8.345137067949352,36.7793219,-76.0240202
"Virginia Beach, VA",1970,172106,"-76.0240202, 36.7793219",8.345137067949352,36.7793219,-76.0240202
"Virginia Beach, VA",1980,262199,"-76.0240202, 36.7793219",8.345137067949352,36.7793219,-76.0240202
"Virginia Beach, VA",1990,393069,"-76.0240202, 36.7793219",8.345137067949352,36.7793219,-76.0240202
"Virginia Beach, VA",2000,425257,"-76.0240202, 36.7793219",8.345137067949352,36.7793219,-76.0240202
"Virginia Beach, VA",2010,437994,"-76.0240202, 36.7793219",8.345137067949352,36.7793219,-76.0240202
